{"initial_reset_timestamp": 1592569933.560206, "timestamps": [1592569937.002997], "episode_lengths": [200], "episode_rewards": [200.0], "episode_types": ["t"]}