{"initial_reset_timestamp": 1592569050.4903095, "timestamps": [1592569054.3280106, 1592569057.778777, 1592569058.2415383, 1592569058.6663997, 1592569059.085279, 1592569059.4802544, 1592569059.9111044, 1592569060.3080094, 1592569063.6949482, 1592569064.2933447, 1592569064.6932747, 1592569065.108197, 1592569065.529041, 1592569065.978836, 1592569066.4136744, 1592569066.8495052, 1592569067.2823474, 1592569067.6962419, 1592569068.1231077, 1592569068.5629225, 1592569069.0356894, 1592569069.4435968, 1592569069.8574574, 1592569070.2583866, 1592569070.709179, 1592569071.1320493, 1592569071.5778549, 1592569074.994747, 1592569075.4694443, 1592569075.8823702, 1592569076.2623231, 1592569076.702145, 1592569077.1310256, 1592569077.556871, 1592569077.9418764, 1592569078.411571, 1592569078.8523934, 1592569079.3610308, 1592569079.9614246, 1592569080.6844902, 1592569081.1592214, 1592569081.5910661, 1592569082.0049577, 1592569082.3580136, 1592569082.8257627, 1592569083.2965024, 1592569083.775221, 1592569084.3107877, 1592569084.918162, 1592569085.37195, 1592569085.7299922, 1592569086.154855, 1592569086.557809, 1592569086.9407513, 1592569087.3177445, 1592569087.7426057, 1592569088.2941294, 1592569088.7020376, 1592569089.059083, 1592569089.3672926, 1592569089.6594768, 1592569089.9986022, 1592569090.3436458, 1592569090.670773, 1592569093.3605778, 1592569093.8063815, 1592569094.1374972, 1592569094.4396868, 1592569094.8585677, 1592569095.1846936, 1592569095.5277755, 1592569095.8309648, 1592569096.1760757, 1592569096.4503095, 1592569096.7485094, 1592569097.0237741, 1592569097.4067485, 1592569097.7428825, 1592569098.093909, 1592569098.4599314, 1592569098.853879, 1592569099.2508166, 1592569099.594927, 1592569099.923018, 1592569100.3109777, 1592569100.6291602, 1592569101.087911, 1592569101.4988325, 1592569101.874795, 1592569102.2238934, 1592569102.5140836, 1592569102.9479225, 1592569103.36185, 1592569103.7787082, 1592569104.1646686, 1592569104.6164587, 1592569104.9535568, 1592569105.2796838, 1592569105.6117966, 1592569105.8452034, 1592569106.1743228, 1592569106.4196687, 1592569106.9342597, 1592569107.3760748, 1592569107.7411013, 1592569108.0851796, 1592569108.3584476, 1592569108.6775944, 1592569108.9907582, 1592569109.32586, 1592569109.6848996, 1592569110.0828328, 1592569110.4807703, 1592569110.6782417, 1592569110.8727193, 1592569111.210815, 1592569111.4800954, 1592569111.8301961, 1592569112.2041914, 1592569112.4585104, 1592569112.8035543, 1592569113.1226995, 1592569113.4647863, 1592569113.7809706, 1592569114.1669073, 1592569116.7759295, 1592569117.141978, 1592569117.4351625, 1592569117.6735232, 1592569118.022591, 1592569118.4404716, 1592569118.7466898, 1592569119.0698206, 1592569119.4478157, 1592569119.6233077, 1592569119.970378, 1592569120.331414, 1592569120.5089393, 1592569120.6934469, 1592569120.9278166, 1592569121.2858615, 1592569121.6229901, 1592569121.9460921, 1592569122.259256, 1592569122.5953872, 1592569122.907553, 1592569123.1059904, 1592569123.303494, 1592569123.6435847, 1592569123.971674, 1592569124.2987976, 1592569124.4923139, 1592569124.811459, 1592569125.1286094, 1592569125.4327953, 1592569125.7818303, 1592569126.1318924, 1592569126.4490461, 1592569126.7931254, 1592569126.9676597, 1592569127.2619061, 1592569127.5720394, 1592569127.8881955, 1592569128.0617313, 1592569128.3699064, 1592569128.709995, 1592569129.0401115, 1592569129.2575326, 1592569129.4320655, 1592569129.617569, 1592569129.931728, 1592569130.246883, 1592569130.5411286, 1592569130.8432872, 1592569131.1853747, 1592569131.3888607, 1592569131.7159905, 1592569132.0241277, 1592569132.3213353, 1592569132.6713982, 1592569132.8389497, 1592569133.1870165, 1592569133.537081, 1592569133.9290333, 1592569134.3339484, 1592569134.816657, 1592569135.2305813, 1592569135.55269, 1592569135.9057448, 1592569136.2558067, 1592569136.5629842, 1592569136.9260144, 1592569137.2581244, 1592569137.429666, 1592569137.733855, 1592569138.0480125, 1592569138.455921, 1592569138.806017, 1592569139.1361017, 1592569139.597866, 1592569139.9549422, 1592569140.1404448, 1592569140.4994848, 1592569140.84656, 1592569141.0609517, 1592569141.4140048, 1592569141.7621076, 1592569141.9675295, 1592569142.2956462, 1592569142.4941165, 1592569142.7983398, 1592569143.1204393, 1592569143.4645207, 1592569143.8046086, 1592569144.1905773, 1592569144.3920712, 1592569146.824533, 1592569147.2464015, 1592569147.5456014, 1592569147.719137, 1592569147.9026444, 1592569148.0781765, 1592569148.405301, 1592569148.7613468, 1592569149.113407, 1592569149.29592, 1592569149.6539605, 1592569149.8464763, 1592569150.184541, 1592569150.5206394, 1592569150.9036157, 1592569151.2277493, 1592569151.5548747, 1592569151.928872, 1592569152.1502812, 1592569152.4903703, 1592569152.9092493, 1592569153.1675587, 1592569153.614403, 1592569153.9803824, 1592569154.3025217, 1592569154.641616, 1592569154.9897153, 1592569155.324786, 1592569155.529278, 1592569155.8534062, 1592569156.2453563, 1592569156.7021012, 1592569156.9893339, 1592569157.4161916, 1592569157.8061488, 1592569158.0205734, 1592569158.3895874, 1592569158.7715638, 1592569159.123622, 1592569159.4527743, 1592569159.6552017, 1592569159.9982817, 1592569160.3383732, 1592569160.7103786, 1592569161.042489, 1592569161.388562, 1592569161.7566097, 1592569162.1295812, 1592569162.4557068, 1592569162.786856, 1592569163.1189327, 1592569163.4420676, 1592569163.7792096, 1592569164.1312234, 1592569164.4623396, 1592569164.838365, 1592569165.1904225, 1592569165.5105338, 1592569165.847632, 1592569166.2146509, 1592569166.547761, 1592569166.8738878, 1592569167.0693624, 1592569167.420423, 1592569167.7565567, 1592569167.97195, 1592569168.3260021, 1592569168.8017344, 1592569169.22759, 1592569169.473983, 1592569169.8968308, 1592569170.1122262, 1592569170.4563336, 1592569170.6438026, 1592569170.8423007, 1592569171.183357, 1592569171.3778734, 1592569171.5783331, 1592569171.9024334, 1592569172.1387994, 1592569172.4748998, 1592569172.675366, 1592569172.8907888, 1592569173.3026853], "episode_lengths": [200, 200, 200, 200, 200, 200, 200, 200, 200, 200, 200, 200, 200, 200, 200, 200, 200, 200, 200, 200, 200, 200, 200, 200, 200, 200, 200, 200, 200, 200, 171, 200, 200, 200, 159, 200, 200, 200, 200, 200, 152, 168, 170, 154, 200, 200, 200, 200, 200, 141, 125, 157, 164, 157, 158, 168, 158, 148, 163, 151, 140, 159, 166, 152, 156, 158, 142, 142, 193, 151, 162, 143, 154, 130, 140, 115, 163, 148, 153, 151, 174, 168, 157, 153, 160, 140, 182, 140, 157, 159, 139, 146, 168, 136, 149, 166, 153, 140, 159, 113, 150, 115, 162, 147, 156, 156, 114, 144, 142, 141, 113, 165, 164, 87, 90, 136, 112, 162, 169, 114, 145, 142, 157, 147, 164, 153, 140, 137, 114, 160, 168, 142, 149, 177, 88, 165, 163, 87, 85, 83, 150, 145, 145, 146, 153, 138, 89, 85, 155, 153, 142, 84, 143, 146, 134, 154, 144, 150, 159, 87, 140, 147, 152, 85, 143, 154, 159, 85, 84, 88, 147, 152, 141, 145, 153, 93, 138, 141, 143, 151, 84, 153, 156, 141, 150, 149, 156, 142, 150, 157, 140, 169, 152, 85, 146, 141, 165, 154, 148, 148, 158, 84, 153, 153, 92, 152, 154, 88, 143, 92, 141, 150, 148, 148, 167, 94, 143, 169, 144, 85, 83, 87, 149, 169, 149, 83, 162, 84, 147, 150, 163, 142, 143, 163, 97, 147, 146, 84, 161, 146, 146, 151, 147, 153, 92, 143, 151, 162, 86, 154, 170, 94, 147, 164, 151, 147, 88, 149, 147, 158, 143, 147, 173, 153, 147, 147, 148, 146, 147, 151, 144, 166, 144, 144, 149, 158, 146, 145, 84, 156, 147, 94, 146, 146, 149, 88, 147, 92, 148, 85, 87, 146, 85, 89, 146, 104, 145, 92, 96, 176],