{"initial_reset_timestamp": 1592569179.0951884, "timestamps": [1592569180.6739647], "episode_lengths": [86], "episode_rewards": [-86.0], "episode_types": ["t"]}