{"initial_reset_timestamp": 1592573463.8480244, "timestamps": [1592573464.7984822, 1592573465.7230074, 1592573465.996276, 1592573466.0890286, 1592573466.2515945, 1592573466.4650228, 1592573467.2708662, 1592573467.541143, 1592573468.8296964, 1592573469.4440513, 1592573469.8300195, 1592573470.13221, 1592573470.2169852, 1592573470.7874577, 1592573471.0846627, 1592573471.4397137, 1592573471.8775487, 1592573472.0042012, 1592573472.3901691, 1592573472.8220146, 1592573473.7824435, 1592573474.1953394, 1592573474.7388852, 1592573475.2156096, 1592573475.713278, 1592573476.2548294, 1592573476.8372705, 1592573479.583922, 1592573481.9126914, 1592573482.3804405, 1592573482.751448, 1592573483.128439, 1592573483.2800333, 1592573483.928299, 1592573484.293322, 1592573484.6842754, 1592573485.681607, 1592573486.6569989, 1592573487.2713542, 1592573488.0173583, 1592573488.652658, 1592573489.019676, 1592573489.681906, 1592573490.6463246, 1592573491.4840837, 1592573493.0598664, 1592573493.7988894, 1592573494.7094536, 1592573495.8892963, 1592573496.5824413, 1592573497.2526515, 1592573498.3018415, 1592573499.7310176, 1592573500.423166, 1592573501.176162, 1592573501.9959576, 1592573502.992292, 1592573504.2020564, 1592573504.5012543, 1592573504.643873, 1592573504.8742597, 1592573504.958034, 1592573505.932426, 1592573506.7622046, 1592573509.0311356, 1592573510.3685558, 1592573511.5643573, 1592573512.7152781, 1592573513.8911316, 1592573516.0972292, 1592573517.9732096, 1592573519.5180767, 1592573520.9213226, 1592573522.1051548, 1592573523.4475625, 1592573525.8601093, 1592573527.2683399, 1592573528.5379438, 1592573529.5961125, 1592573530.5166495, 1592573531.571826, 1592573532.510315, 1592573534.1090386, 1592573535.680832, 1592573536.7340143, 1592573538.4953022, 1592573540.3962164, 1592573542.3330345, 1592573543.7961197, 1592573545.4486976, 1592573546.56172, 1592573548.347942, 1592573549.7112944, 1592573551.3189917, 1592573553.0014899, 1592573554.3419042, 1592573556.393415, 1592573558.2973204, 1592573560.2181811, 1592573561.9625146, 1592573563.7517269, 1592573564.4358969, 1592573564.8707335, 1592573566.0406034, 1592573567.3500996, 1592573569.6040688, 1592573571.4850364, 1592573572.6678717, 1592573574.434147, 1592573575.994971, 1592573577.3982165, 1592573578.7745326, 1592573580.592668, 1592573582.1485062, 1592573582.4277587, 1592573582.5414555, 1592573582.8835392, 1592573583.6285465, 1592573584.0155108, 1592573585.9044573, 1592573588.0427356, 1592573590.3814783, 1592573593.3585134, 1592573595.7191966, 1592573597.6250978, 1592573604.2374103, 1592573607.3780034, 1592573610.982361, 1592573612.7586083, 1592573614.7113826, 1592573616.4118333, 1592573618.2060318, 1592573620.0271597, 1592573621.4603255, 1592573623.3941574, 1592573625.2791083, 1592573626.9885347, 1592573629.4738848, 1592573631.664034, 1592573633.8511732, 1592573636.3714294, 1592573638.6024609, 1592573641.3271701, 1592573644.3989613, 1592573649.2469811, 1592573652.3546665, 1592573655.6009803, 1592573661.7909799, 1592573669.3046126, 1592573674.7300406, 1592573677.225803, 1592573679.7461796, 1592573682.872757, 1592573685.54028, 1592573686.3401945, 1592573688.0352237, 1592573689.5821857, 1592573691.898162, 1592573694.8706493, 1592573695.5474887, 1592573699.2507758, 1592573699.928157, 1592573700.5483928, 1592573702.9372244, 1592573704.8981476, 1592573706.7922676, 1592573708.698795, 1592573709.4910302, 1592573712.8493407, 1592573713.0370748, 1592573713.2263947, 1592573713.3301723, 1592573713.469304, 1592573713.5450828, 1592573713.9833827, 1592573714.2781448, 1592573714.3649995, 1592573714.4757037, 1592573714.9667602, 1592573715.6072054, 1592573717.329618, 1592573718.5746837, 1592573719.2952385, 1592573720.3271074, 1592573721.3012795, 1592573722.1534064, 1592573723.2285628, 1592573724.363293, 1592573725.4601653, 1592573726.5312176, 1592573728.2002795, 1592573729.60549, 1592573730.8897643, 1592573732.208806, 1592573733.6884346, 1592573735.7095196, 1592573737.1081014, 1592573738.6596992, 1592573740.4012232, 1592573741.7332048, 1592573743.3872895, 1592573745.9553266, 1592573748.3071728, 1592573749.9832134, 1592573751.8493104, 1592573753.218686, 1592573754.415573, 1592573755.8943436, 1592573757.1493514, 1592573758.5948944, 1592573760.1049874, 1592573761.5901892, 1592573763.0692227, 1592573764.714037, 1592573767.531899, 1592573768.873223, 1592573772.3758016, 1592573773.732127, 1592573774.9201963, 1592573776.4911466, 1592573778.0463982, 1592573779.8848858, 1592573781.3788252, 1592573783.1999438, 1592573784.8998168, 1592573791.3000796, 1592573794.9636068, 1592573796.5948162, 1592573798.7516758, 1592573804.6424148, 1592573806.7865388, 1592573808.9114249, 1592573811.023356, 1592573813.2380075, 1592573814.8740356, 1592573816.4056573, 1592573818.2449794, 1592573820.2112436, 1592573821.813827, 1592573823.5768094, 1592573825.538585, 1592573827.8128333, 1592573830.2515683, 1592573832.1697183, 1592573834.1846397, 1592573836.2646637, 1592573840.3056846, 1592573842.0978875, 1592573844.3150957, 1592573846.085971, 1592573847.8690372, 1592573849.3700132, 1592573850.8271408, 1592573852.572675, 1592573853.8337939, 1592573855.309744, 1592573856.9767098, 1592573858.2087421, 1592573859.7467496, 1592573861.0444841, 1592573863.1329172, 1592573865.2077675, 1592573870.5695667, 1592573873.138624], "episode_lengths": [15, 46, 25, 17, 29, 39, 117, 46, 52, 74, 67, 38, 14, 97, 50, 64, 78, 23, 65, 69, 155, 70, 92, 80, 83, 86, 88, 137, 344, 62, 54, 59, 21, 112, 60, 69, 151, 128, 91, 117, 94, 59, 109, 126, 137, 272, 131, 160, 209, 119, 110, 167, 237, 115, 120, 140, 173, 202, 49, 24, 38, 14, 156, 117, 127, 185, 207, 200, 207, 380, 316, 237, 225, 190, 212, 368, 225, 205, 156, 148, 181, 153, 245, 258, 169, 281, 295, 290, 221, 230, 158, 248, 207, 242, 231, 171, 335, 317, 320, 284, 291, 116, 60, 195, 213, 364, 290, 187, 297, 267, 228, 226, 298, 265, 46, 19, 57, 118, 66, 274, 335, 399, 467, 343, 294, 372, 486, 593, 275, 331, 265, 236, 251, 213, 268, 293, 294, 352, 319, 297, 348, 305, 364, 447, 739, 487, 528, 889, 998, 740, 356, 333, 417, 379, 115, 263, 232, 303, 371, 100, 490, 102, 93, 344, 258, 287, 290, 127, 521, 30, 28, 16, 21, 12, 68, 39, 11, 13, 69, 99, 267, 188, 112, 159, 148, 133, 144, 138, 162, 143, 226, 173, 182, 197, 211, 227, 217, 236, 250, 198, 255, 361, 342, 239, 266, 208, 185, 233, 182, 203, 213, 193, 201, 216, 368, 183, 204, 195, 187, 215, 192, 247, 186, 231, 230, 911, 465, 256, 337, 913, 338, 323, 283, 277, 229, 226, 278, 307, 260, 280, 316, 365, 378, 307, 322, 335, 610, 280, 313, 282, 282, 232, 233, 240, 194, 207, 259, 193, 234, 199, 282, 289, 846, 401],