{"initial_reset_timestamp": 1592571062.6484325, "timestamps": [1592571092.577579, 1592571092.9376147, 1592571093.1340888, 1592571093.300643, 1592571093.4412675, 1592571093.591865, 1592571093.7334852, 1592571093.9179919, 1592571094.2690532, 1592571094.481484, 1592571094.6610045, 1592571094.9681828, 1592571095.4528852, 1592571095.5885215, 1592571095.772032, 1592571095.9385867, 1592571096.17595, 1592571096.3624518, 1592571096.6885786, 1592571097.1842535, 1592571098.5904906, 1592571099.444206, 1592571100.0745196, 1592571100.4914057, 1592571101.3122113, 1592571102.0462446, 1592571102.3414552, 1592571102.6755612, 1592571102.8850017, 1592571103.0545464, 1592571103.2430422, 1592571103.413586, 1592571103.6948335, 1592571104.0688334, 1592571104.870688, 1592571105.227731, 1592571105.3643658, 1592571105.520949, 1592571105.6685538, 1592571105.837102, 1592571105.9986713, 1592571106.1742, 1592571106.4065795, 1592571106.6060457, 1592571106.8763282, 1592571107.2144172, 1592571107.4278548, 1592571107.6053703, 1592571107.7430024, 1592571107.892602, 1592571108.0541697, 1592571108.1858172, 1592571108.3563612, 1592571108.521925, 1592571108.6755066, 1592571108.8560247, 1592571109.010611, 1592571109.1532297, 1592571109.3437202, 1592571109.5830793, 1592571110.1495645, 1592571110.7160485, 1592571111.4012156, 1592571111.8121154, 1592571112.5172288, 1592571112.8543282, 1592571113.0208807, 1592571113.2013977, 1592571113.3480062, 1592571113.527526, 1592571113.706049, 1592571113.876592, 1592571114.0241966, 1592571114.1718016, 1592571114.3054435, 1592571114.4600303, 1592571114.6026504, 1592571114.79314, 1592571114.9736564, 1592571115.13323, 1592571115.3117514, 1592571115.4872837, 1592571115.7615478, 1592571116.1355474, 1592571116.552433, 1592571117.8888566, 1592571118.1661146, 1592571118.5081997, 1592571118.8682358, 1592571119.0786748, 1592571119.2831278, 1592571119.4576602, 1592571119.6072607, 1592571119.798746, 1592571120.0261385, 1592571120.2096474, 1592571120.383183, 1592571120.5347774, 1592571120.6634338, 1592571120.794084], "episode_lengths": [12, 9, 9, 11, 9, 10, 9, 12, 11, 11, 12, 20, 31, 9, 12, 11, 15, 11, 20, 33, 96, 57, 43, 28, 56, 50, 20, 12, 12, 11, 13, 11, 19, 24, 52, 23, 9, 10, 10, 11, 11, 11, 15, 13, 18, 20, 14, 11, 9, 10, 10, 9, 11, 11, 10, 12, 10, 9, 12, 14, 38, 36, 46, 28, 27, 18, 11, 12, 10, 12, 12, 11, 10, 10, 9, 10, 9, 11, 12, 10, 12, 11, 18, 24, 27, 90, 18, 22, 24, 14, 14, 12, 10, 13, 15, 12, 11, 10, 8, 8], "episode_rewards": [12.0, 9.0, 9.0, 11.0, 9.0, 10.0, 9.0, 12.0, 11.0, 11.0, 12.0, 20.0, 31.0, 9.0, 12.0, 11.0, 15.0, 11.0, 20.0, 33.0, 96.0, 57.0, 43.0, 28.0, 56.0, 50.0, 20.0, 12.0, 12.0, 11.0, 13.0, 11.0, 19.0, 24.0, 52.0, 23.0, 9.0, 10.0, 10.0, 11.0, 11.0, 11.0, 15.0, 13.0, 18.0, 20.0, 14.0, 11.0, 9.0, 10.0, 10.0, 9.0, 11.0, 11.0, 10.0, 12.0, 10.0, 9.0, 12.0, 14.0, 38.0, 36.0, 46.0, 28.0, 27.0, 18.0, 11.0, 12.0, 10.0, 12.0, 12.0, 11.0, 10.0, 10.0, 9.0, 10.0, 9.0, 11.0, 12.0, 10.0, 12.0, 11.0, 18.0, 24.0, 27.0, 90.0, 18.0, 22.0, 24.0, 14.0, 14.0, 12.0, 10.0, 13.0, 15.0, 12.0, 11.0, 10.0, 8.0, 8.0], "episode_types": ["t", "t", "t", "t", "t", "t", "t", "t", "t", "t", "t", "t", "t", "t", "t", "t", "t", "t", "t", "t", "t", "t", "t", "t", "t", "t", "t", "t", "t", "t", "t", "t", "t", "t", "t", "t", "t", "t", "t", "t", "t", "t", "t", "t", "t", "t", "t", "t", "t", "t", "t", "t", "t", "t", "t", "t", "t", "t", "t", "t", "t", "t", "t", "t", "t", "t", "t", "t", "t", "t", "t", "t", "t", "t", "t", "t", "t", "t", "t", "t", "t", "t", "t", "t", "t", "t", "t", "t", "t", "t", "t", "t", "t", "t", "t", "t", "t", "t", "t", "t"]}